filename,classNum,className
1-1.wav,1,Anger
1-10.wav,1,Anger
1-100.wav,1,Anger
1-101.wav,1,Anger
1-102.wav,1,Anger
1-103.wav,1,Anger
1-104.wav,1,Anger
1-105.wav,1,Anger
1-106.wav,1,Anger
1-107.wav,1,Anger
1-108.wav,1,Anger
1-109.wav,1,Anger
1-11.wav,1,Anger
1-110.wav,1,Anger
1-111.wav,1,Anger
1-112.wav,1,Anger
1-113.wav,1,Anger
1-114.wav,1,Anger
1-115.wav,1,Anger
1-116.wav,1,Anger
1-117.wav,1,Anger
1-118.wav,1,Anger
1-119.wav,1,Anger
1-12.wav,1,Anger
1-120.wav,1,Anger
1-121.wav,1,Anger
1-122.wav,1,Anger
1-123.wav,1,Anger
1-124.wav,1,Anger
1-125.wav,1,Anger
1-126.wav,1,Anger
1-127.wav,1,Anger
1-128.wav,1,Anger
1-129.wav,1,Anger
1-13.wav,1,Anger
1-130.wav,1,Anger
1-131.wav,1,Anger
1-132.wav,1,Anger
1-133.wav,1,Anger
1-134.wav,1,Anger
1-135.wav,1,Anger
1-136.wav,1,Anger
1-137.wav,1,Anger
1-138.wav,1,Anger
1-139.wav,1,Anger
1-14.wav,1,Anger
1-140.wav,1,Anger
1-141.wav,1,Anger
1-142.wav,1,Anger
1-143.wav,1,Anger
1-144.wav,1,Anger
1-145.wav,1,Anger
1-146.wav,1,Anger
1-147.wav,1,Anger
1-148.wav,1,Anger
1-149.wav,1,Anger
1-15.wav,1,Anger
1-150.wav,1,Anger
1-151.wav,1,Anger
1-152.wav,1,Anger
1-153.wav,1,Anger
1-154.wav,1,Anger
1-155.wav,1,Anger
1-156.wav,1,Anger
1-157.wav,1,Anger
1-158.wav,1,Anger
1-159.wav,1,Anger
1-16.wav,1,Anger
1-160.wav,1,Anger
1-161.wav,1,Anger
1-162.wav,1,Anger
1-163.wav,1,Anger
1-164.wav,1,Anger
1-165.wav,1,Anger
1-166.wav,1,Anger
1-167.wav,1,Anger
1-168.wav,1,Anger
1-169.wav,1,Anger
1-17.wav,1,Anger
1-170.wav,1,Anger
1-171.wav,1,Anger
1-172.wav,1,Anger
1-173.wav,1,Anger
1-174.wav,1,Anger
1-175.wav,1,Anger
1-176.wav,1,Anger
1-177.wav,1,Anger
1-178.wav,1,Anger
1-179.wav,1,Anger
1-18.wav,1,Anger
1-180.wav,1,Anger
1-181.wav,1,Anger
1-182.wav,1,Anger
1-183.wav,1,Anger
1-184.wav,1,Anger
1-185.wav,1,Anger
1-186.wav,1,Anger
1-187.wav,1,Anger
1-188.wav,1,Anger
1-189.wav,1,Anger
1-19.wav,1,Anger
1-190.wav,1,Anger
1-191.wav,1,Anger
1-192.wav,1,Anger
1-193.wav,1,Anger
1-194.wav,1,Anger
1-195.wav,1,Anger
1-196.wav,1,Anger
1-197.wav,1,Anger
1-198.wav,1,Anger
1-199.wav,1,Anger
1-2.wav,1,Anger
1-20.wav,1,Anger
1-200.wav,1,Anger
1-201.wav,1,Anger
1-202.wav,1,Anger
1-203.wav,1,Anger
1-204.wav,1,Anger
1-205.wav,1,Anger
1-206.wav,1,Anger
1-207.wav,1,Anger
1-208.wav,1,Anger
1-209.wav,1,Anger
1-21.wav,1,Anger
1-210.wav,1,Anger
1-211.wav,1,Anger
1-212.wav,1,Anger
1-213.wav,1,Anger
1-214.wav,1,Anger
1-215.wav,1,Anger
1-216.wav,1,Anger
1-217.wav,1,Anger
1-218.wav,1,Anger
1-219.wav,1,Anger
1-22.wav,1,Anger
1-220.wav,1,Anger
1-221.wav,1,Anger
1-222.wav,1,Anger
1-223.wav,1,Anger
1-224.wav,1,Anger
1-225.wav,1,Anger
1-226.wav,1,Anger
1-227.wav,1,Anger
1-228.wav,1,Anger
1-229.wav,1,Anger
1-23.wav,1,Anger
1-230.wav,1,Anger
1-231.wav,1,Anger
1-232.wav,1,Anger
1-233.wav,1,Anger
1-234.wav,1,Anger
1-235.wav,1,Anger
1-236.wav,1,Anger
1-237.wav,1,Anger
1-238.wav,1,Anger
1-239.wav,1,Anger
1-24.wav,1,Anger
1-240.wav,1,Anger
1-241.wav,1,Anger
1-242.wav,1,Anger
1-243.wav,1,Anger
1-244.wav,1,Anger
1-245.wav,1,Anger
1-246.wav,1,Anger
1-247.wav,1,Anger
1-248.wav,1,Anger
1-249.wav,1,Anger
1-25.wav,1,Anger
1-250.wav,1,Anger
1-251.wav,1,Anger
1-252.wav,1,Anger
1-253.wav,1,Anger
1-254.wav,1,Anger
1-255.wav,1,Anger
1-256.wav,1,Anger
1-257.wav,1,Anger
1-258.wav,1,Anger
1-259.wav,1,Anger
1-26.wav,1,Anger
1-260.wav,1,Anger
1-261.wav,1,Anger
1-262.wav,1,Anger
1-263.wav,1,Anger
1-264.wav,1,Anger
1-265.wav,1,Anger
1-266.wav,1,Anger
1-267.wav,1,Anger
1-268.wav,1,Anger
1-269.wav,1,Anger
1-27.wav,1,Anger
1-270.wav,1,Anger
1-271.wav,1,Anger
1-272.wav,1,Anger
1-273.wav,1,Anger
1-274.wav,1,Anger
1-275.wav,1,Anger
1-276.wav,1,Anger
1-277.wav,1,Anger
1-278.wav,1,Anger
1-279.wav,1,Anger
1-28.wav,1,Anger
1-280.wav,1,Anger
1-281.wav,1,Anger
1-282.wav,1,Anger
1-283.wav,1,Anger
1-284.wav,1,Anger
1-285.wav,1,Anger
1-286.wav,1,Anger
1-287.wav,1,Anger
1-288.wav,1,Anger
1-289.wav,1,Anger
1-29.wav,1,Anger
1-290.wav,1,Anger
1-291.wav,1,Anger
1-292.wav,1,Anger
1-293.wav,1,Anger
1-294.wav,1,Anger
1-295.wav,1,Anger
1-296.wav,1,Anger
1-297.wav,1,Anger
1-298.wav,1,Anger
1-299.wav,1,Anger
1-3.wav,1,Anger
1-30.wav,1,Anger
1-300.wav,1,Anger
1-301.wav,1,Anger
1-302.wav,1,Anger
1-303.wav,1,Anger
1-304.wav,1,Anger
1-305.wav,1,Anger
1-306.wav,1,Anger
1-307.wav,1,Anger
1-308.wav,1,Anger
1-309.wav,1,Anger
1-31.wav,1,Anger
1-310.wav,1,Anger
1-311.wav,1,Anger
1-312.wav,1,Anger
1-313.wav,1,Anger
1-314.wav,1,Anger
1-315.wav,1,Anger
1-316.wav,1,Anger
1-317.wav,1,Anger
1-318.wav,1,Anger
1-319.wav,1,Anger
1-32.wav,1,Anger
1-320.wav,1,Anger
1-321.wav,1,Anger
1-322.wav,1,Anger
1-323.wav,1,Anger
1-324.wav,1,Anger
1-325.wav,1,Anger
1-326.wav,1,Anger
1-327.wav,1,Anger
1-328.wav,1,Anger
1-329.wav,1,Anger
1-33.wav,1,Anger
1-330.wav,1,Anger
1-331.wav,1,Anger
1-332.wav,1,Anger
1-333.wav,1,Anger
1-334.wav,1,Anger
1-335.wav,1,Anger
1-336.wav,1,Anger
1-337.wav,1,Anger
1-338.wav,1,Anger
1-339.wav,1,Anger
1-34.wav,1,Anger
1-340.wav,1,Anger
1-341.wav,1,Anger
1-342.wav,1,Anger
1-343.wav,1,Anger
1-344.wav,1,Anger
1-345.wav,1,Anger
1-346.wav,1,Anger
1-347.wav,1,Anger
1-348.wav,1,Anger
1-349.wav,1,Anger
1-35.wav,1,Anger
1-350.wav,1,Anger
1-351.wav,1,Anger
1-352.wav,1,Anger
1-353.wav,1,Anger
1-354.wav,1,Anger
1-355.wav,1,Anger
1-356.wav,1,Anger
1-357.wav,1,Anger
1-358.wav,1,Anger
1-359.wav,1,Anger
1-36.wav,1,Anger
1-360.wav,1,Anger
1-361.wav,1,Anger
1-362.wav,1,Anger
1-363.wav,1,Anger
1-364.wav,1,Anger
1-365.wav,1,Anger
1-366.wav,1,Anger
1-367.wav,1,Anger
1-368.wav,1,Anger
1-369.wav,1,Anger
1-37.wav,1,Anger
1-370.wav,1,Anger
1-371.wav,1,Anger
1-372.wav,1,Anger
1-373.wav,1,Anger
1-374.wav,1,Anger
1-375.wav,1,Anger
1-376.wav,1,Anger
1-377.wav,1,Anger
1-378.wav,1,Anger
1-379.wav,1,Anger
1-38.wav,1,Anger
1-380.wav,1,Anger
1-381.wav,1,Anger
1-382.wav,1,Anger
1-383.wav,1,Anger
1-384.wav,1,Anger
1-385.wav,1,Anger
1-386.wav,1,Anger
1-387.wav,1,Anger
1-388.wav,1,Anger
1-389.wav,1,Anger
1-39.wav,1,Anger
1-390.wav,1,Anger
1-391.wav,1,Anger
1-392.wav,1,Anger
1-393.wav,1,Anger
1-394.wav,1,Anger
1-395.wav,1,Anger
1-396.wav,1,Anger
1-397.wav,1,Anger
1-398.wav,1,Anger
1-399.wav,1,Anger
1-4.wav,1,Anger
1-40.wav,1,Anger
1-400.wav,1,Anger
1-401.wav,1,Anger
1-402.wav,1,Anger
1-403.wav,1,Anger
1-404.wav,1,Anger
1-405.wav,1,Anger
1-406.wav,1,Anger
1-407.wav,1,Anger
1-408.wav,1,Anger
1-409.wav,1,Anger
1-41.wav,1,Anger
1-410.wav,1,Anger
1-411.wav,1,Anger
1-412.wav,1,Anger
1-413.wav,1,Anger
1-414.wav,1,Anger
1-415.wav,1,Anger
1-416.wav,1,Anger
1-417.wav,1,Anger
1-418.wav,1,Anger
1-419.wav,1,Anger
1-42.wav,1,Anger
1-420.wav,1,Anger
1-421.wav,1,Anger
1-422.wav,1,Anger
1-423.wav,1,Anger
1-424.wav,1,Anger
1-425.wav,1,Anger
1-426.wav,1,Anger
1-427.wav,1,Anger
1-428.wav,1,Anger
1-429.wav,1,Anger
1-43.wav,1,Anger
1-430.wav,1,Anger
1-431.wav,1,Anger
1-432.wav,1,Anger
1-433.wav,1,Anger
1-434.wav,1,Anger
1-435.wav,1,Anger
1-436.wav,1,Anger
1-437.wav,1,Anger
1-438.wav,1,Anger
1-439.wav,1,Anger
1-44.wav,1,Anger
1-440.wav,1,Anger
1-441.wav,1,Anger
1-442.wav,1,Anger
1-443.wav,1,Anger
1-444.wav,1,Anger
1-445.wav,1,Anger
1-446.wav,1,Anger
1-447.wav,1,Anger
1-448.wav,1,Anger
1-449.wav,1,Anger
1-45.wav,1,Anger
1-450.wav,1,Anger
1-451.wav,1,Anger
1-452.wav,1,Anger
1-453.wav,1,Anger
1-454.wav,1,Anger
1-455.wav,1,Anger
1-456.wav,1,Anger
1-46.wav,1,Anger
1-47.wav,1,Anger
1-48.wav,1,Anger
1-49.wav,1,Anger
1-5.wav,1,Anger
1-50.wav,1,Anger
1-51.wav,1,Anger
1-52.wav,1,Anger
1-53.wav,1,Anger
1-54.wav,1,Anger
1-55.wav,1,Anger
1-56.wav,1,Anger
1-57.wav,1,Anger
1-58.wav,1,Anger
1-59.wav,1,Anger
1-6.wav,1,Anger
1-60.wav,1,Anger
1-61.wav,1,Anger
1-62.wav,1,Anger
1-63.wav,1,Anger
1-64.wav,1,Anger
1-65.wav,1,Anger
1-66.wav,1,Anger
1-67.wav,1,Anger
1-68.wav,1,Anger
1-69.wav,1,Anger
1-7.wav,1,Anger
1-70.wav,1,Anger
1-71.wav,1,Anger
1-72.wav,1,Anger
1-73.wav,1,Anger
1-74.wav,1,Anger
1-75.wav,1,Anger
1-76.wav,1,Anger
1-77.wav,1,Anger
1-78.wav,1,Anger
1-79.wav,1,Anger
1-8.wav,1,Anger
1-80.wav,1,Anger
1-81.wav,1,Anger
1-82.wav,1,Anger
1-83.wav,1,Anger
1-84.wav,1,Anger
1-85.wav,1,Anger
1-86.wav,1,Anger
1-87.wav,1,Anger
1-88.wav,1,Anger
1-89.wav,1,Anger
1-9.wav,1,Anger
1-90.wav,1,Anger
1-91.wav,1,Anger
1-92.wav,1,Anger
1-93.wav,1,Anger
1-94.wav,1,Anger
1-95.wav,1,Anger
1-96.wav,1,Anger
1-97.wav,1,Anger
1-98.wav,1,Anger
1-99.wav,1,Anger
2-1.wav,2,Disgust
2-10.wav,2,Disgust
2-100.wav,2,Disgust
2-101.wav,2,Disgust
2-102.wav,2,Disgust
2-103.wav,2,Disgust
2-104.wav,2,Disgust
2-105.wav,2,Disgust
2-106.wav,2,Disgust
2-107.wav,2,Disgust
2-108.wav,2,Disgust
2-109.wav,2,Disgust
2-11.wav,2,Disgust
2-110.wav,2,Disgust
2-111.wav,2,Disgust
2-112.wav,2,Disgust
2-113.wav,2,Disgust
2-114.wav,2,Disgust
2-115.wav,2,Disgust
2-116.wav,2,Disgust
2-117.wav,2,Disgust
2-118.wav,2,Disgust
2-119.wav,2,Disgust
2-12.wav,2,Disgust
2-120.wav,2,Disgust
2-121.wav,2,Disgust
2-122.wav,2,Disgust
2-123.wav,2,Disgust
2-124.wav,2,Disgust
2-125.wav,2,Disgust
2-126.wav,2,Disgust
2-127.wav,2,Disgust
2-128.wav,2,Disgust
2-129.wav,2,Disgust
2-13.wav,2,Disgust
2-130.wav,2,Disgust
2-131.wav,2,Disgust
2-132.wav,2,Disgust
2-133.wav,2,Disgust
2-134.wav,2,Disgust
2-135.wav,2,Disgust
2-136.wav,2,Disgust
2-137.wav,2,Disgust
2-138.wav,2,Disgust
2-139.wav,2,Disgust
2-14.wav,2,Disgust
2-140.wav,2,Disgust
2-141.wav,2,Disgust
2-142.wav,2,Disgust
2-143.wav,2,Disgust
2-144.wav,2,Disgust
2-145.wav,2,Disgust
2-146.wav,2,Disgust
2-147.wav,2,Disgust
2-148.wav,2,Disgust
2-149.wav,2,Disgust
2-15.wav,2,Disgust
2-150.wav,2,Disgust
2-151.wav,2,Disgust
2-152.wav,2,Disgust
2-153.wav,2,Disgust
2-154.wav,2,Disgust
2-155.wav,2,Disgust
2-156.wav,2,Disgust
2-157.wav,2,Disgust
2-158.wav,2,Disgust
2-159.wav,2,Disgust
2-16.wav,2,Disgust
2-160.wav,2,Disgust
2-161.wav,2,Disgust
2-162.wav,2,Disgust
2-163.wav,2,Disgust
2-164.wav,2,Disgust
2-165.wav,2,Disgust
2-166.wav,2,Disgust
2-167.wav,2,Disgust
2-168.wav,2,Disgust
2-169.wav,2,Disgust
2-17.wav,2,Disgust
2-170.wav,2,Disgust
2-171.wav,2,Disgust
2-172.wav,2,Disgust
2-173.wav,2,Disgust
2-174.wav,2,Disgust
2-175.wav,2,Disgust
2-176.wav,2,Disgust
2-177.wav,2,Disgust
2-178.wav,2,Disgust
2-179.wav,2,Disgust
2-18.wav,2,Disgust
2-180.wav,2,Disgust
2-181.wav,2,Disgust
2-182.wav,2,Disgust
2-183.wav,2,Disgust
2-184.wav,2,Disgust
2-185.wav,2,Disgust
2-186.wav,2,Disgust
2-187.wav,2,Disgust
2-188.wav,2,Disgust
2-189.wav,2,Disgust
2-19.wav,2,Disgust
2-190.wav,2,Disgust
2-191.wav,2,Disgust
2-192.wav,2,Disgust
2-193.wav,2,Disgust
2-194.wav,2,Disgust
2-195.wav,2,Disgust
2-196.wav,2,Disgust
2-197.wav,2,Disgust
2-198.wav,2,Disgust
2-199.wav,2,Disgust
2-2.wav,2,Disgust
2-20.wav,2,Disgust
2-200.wav,2,Disgust
2-201.wav,2,Disgust
2-202.wav,2,Disgust
2-203.wav,2,Disgust
2-204.wav,2,Disgust
2-205.wav,2,Disgust
2-206.wav,2,Disgust
2-207.wav,2,Disgust
2-208.wav,2,Disgust
2-209.wav,2,Disgust
2-21.wav,2,Disgust
2-210.wav,2,Disgust
2-211.wav,2,Disgust
2-212.wav,2,Disgust
2-213.wav,2,Disgust
2-214.wav,2,Disgust
2-215.wav,2,Disgust
2-216.wav,2,Disgust
2-217.wav,2,Disgust
2-218.wav,2,Disgust
2-219.wav,2,Disgust
2-22.wav,2,Disgust
2-220.wav,2,Disgust
2-221.wav,2,Disgust
2-222.wav,2,Disgust
2-223.wav,2,Disgust
2-224.wav,2,Disgust
2-225.wav,2,Disgust
2-226.wav,2,Disgust
2-227.wav,2,Disgust
2-228.wav,2,Disgust
2-229.wav,2,Disgust
2-23.wav,2,Disgust
2-230.wav,2,Disgust
2-231.wav,2,Disgust
2-232.wav,2,Disgust
2-233.wav,2,Disgust
2-234.wav,2,Disgust
2-235.wav,2,Disgust
2-236.wav,2,Disgust
2-237.wav,2,Disgust
2-238.wav,2,Disgust
2-239.wav,2,Disgust
2-24.wav,2,Disgust
2-240.wav,2,Disgust
2-241.wav,2,Disgust
2-242.wav,2,Disgust
2-243.wav,2,Disgust
2-244.wav,2,Disgust
2-245.wav,2,Disgust
2-246.wav,2,Disgust
2-247.wav,2,Disgust
2-248.wav,2,Disgust
2-249.wav,2,Disgust
2-25.wav,2,Disgust
2-250.wav,2,Disgust
2-251.wav,2,Disgust
2-252.wav,2,Disgust
2-253.wav,2,Disgust
2-254.wav,2,Disgust
2-255.wav,2,Disgust
2-256.wav,2,Disgust
2-257.wav,2,Disgust
2-258.wav,2,Disgust
2-259.wav,2,Disgust
2-26.wav,2,Disgust
2-260.wav,2,Disgust
2-261.wav,2,Disgust
2-262.wav,2,Disgust
2-263.wav,2,Disgust
2-264.wav,2,Disgust
2-265.wav,2,Disgust
2-266.wav,2,Disgust
2-267.wav,2,Disgust
2-268.wav,2,Disgust
2-269.wav,2,Disgust
2-27.wav,2,Disgust
2-270.wav,2,Disgust
2-271.wav,2,Disgust
2-272.wav,2,Disgust
2-273.wav,2,Disgust
2-274.wav,2,Disgust
2-275.wav,2,Disgust
2-276.wav,2,Disgust
2-277.wav,2,Disgust
2-278.wav,2,Disgust
2-279.wav,2,Disgust
2-28.wav,2,Disgust
2-280.wav,2,Disgust
2-281.wav,2,Disgust
2-282.wav,2,Disgust
2-283.wav,2,Disgust
2-284.wav,2,Disgust
2-285.wav,2,Disgust
2-286.wav,2,Disgust
2-287.wav,2,Disgust
2-288.wav,2,Disgust
2-289.wav,2,Disgust
2-29.wav,2,Disgust
2-290.wav,2,Disgust
2-291.wav,2,Disgust
2-292.wav,2,Disgust
2-293.wav,2,Disgust
2-294.wav,2,Disgust
2-295.wav,2,Disgust
2-296.wav,2,Disgust
2-297.wav,2,Disgust
2-298.wav,2,Disgust
2-299.wav,2,Disgust
2-3.wav,2,Disgust
2-30.wav,2,Disgust
2-300.wav,2,Disgust
2-301.wav,2,Disgust
2-302.wav,2,Disgust
2-303.wav,2,Disgust
2-304.wav,2,Disgust
2-305.wav,2,Disgust
2-306.wav,2,Disgust
2-307.wav,2,Disgust
2-308.wav,2,Disgust
2-309.wav,2,Disgust
2-31.wav,2,Disgust
2-310.wav,2,Disgust
2-311.wav,2,Disgust
2-312.wav,2,Disgust
2-313.wav,2,Disgust
2-314.wav,2,Disgust
2-315.wav,2,Disgust
2-316.wav,2,Disgust
2-317.wav,2,Disgust
2-318.wav,2,Disgust
2-319.wav,2,Disgust
2-32.wav,2,Disgust
2-320.wav,2,Disgust
2-321.wav,2,Disgust
2-322.wav,2,Disgust
2-323.wav,2,Disgust
2-324.wav,2,Disgust
2-325.wav,2,Disgust
2-326.wav,2,Disgust
2-327.wav,2,Disgust
2-328.wav,2,Disgust
2-329.wav,2,Disgust
2-33.wav,2,Disgust
2-330.wav,2,Disgust
2-331.wav,2,Disgust
2-332.wav,2,Disgust
2-333.wav,2,Disgust
2-334.wav,2,Disgust
2-335.wav,2,Disgust
2-336.wav,2,Disgust
2-337.wav,2,Disgust
2-338.wav,2,Disgust
2-339.wav,2,Disgust
2-34.wav,2,Disgust
2-340.wav,2,Disgust
2-341.wav,2,Disgust
2-342.wav,2,Disgust
2-343.wav,2,Disgust
2-344.wav,2,Disgust
2-345.wav,2,Disgust
2-346.wav,2,Disgust
2-347.wav,2,Disgust
2-348.wav,2,Disgust
2-349.wav,2,Disgust
2-35.wav,2,Disgust
2-36.wav,2,Disgust
2-37.wav,2,Disgust
2-38.wav,2,Disgust
2-39.wav,2,Disgust
2-4.wav,2,Disgust
2-40.wav,2,Disgust
2-41.wav,2,Disgust
2-42.wav,2,Disgust
2-43.wav,2,Disgust
2-44.wav,2,Disgust
2-45.wav,2,Disgust
2-46.wav,2,Disgust
2-47.wav,2,Disgust
2-48.wav,2,Disgust
2-49.wav,2,Disgust
2-5.wav,2,Disgust
2-50.wav,2,Disgust
2-51.wav,2,Disgust
2-52.wav,2,Disgust
2-53.wav,2,Disgust
2-54.wav,2,Disgust
2-55.wav,2,Disgust
2-56.wav,2,Disgust
2-57.wav,2,Disgust
2-58.wav,2,Disgust
2-59.wav,2,Disgust
2-6.wav,2,Disgust
2-60.wav,2,Disgust
2-61.wav,2,Disgust
2-62.wav,2,Disgust
2-63.wav,2,Disgust
2-64.wav,2,Disgust
2-65.wav,2,Disgust
2-66.wav,2,Disgust
2-67.wav,2,Disgust
2-68.wav,2,Disgust
2-69.wav,2,Disgust
2-7.wav,2,Disgust
2-70.wav,2,Disgust
2-71.wav,2,Disgust
2-72.wav,2,Disgust
2-73.wav,2,Disgust
2-74.wav,2,Disgust
2-75.wav,2,Disgust
2-76.wav,2,Disgust
2-77.wav,2,Disgust
2-78.wav,2,Disgust
2-79.wav,2,Disgust
2-8.wav,2,Disgust
2-80.wav,2,Disgust
2-81.wav,2,Disgust
2-82.wav,2,Disgust
2-83.wav,2,Disgust
2-84.wav,2,Disgust
2-85.wav,2,Disgust
2-86.wav,2,Disgust
2-87.wav,2,Disgust
2-88.wav,2,Disgust
2-89.wav,2,Disgust
2-9.wav,2,Disgust
2-90.wav,2,Disgust
2-91.wav,2,Disgust
2-92.wav,2,Disgust
2-93.wav,2,Disgust
2-94.wav,2,Disgust
2-95.wav,2,Disgust
2-96.wav,2,Disgust
2-97.wav,2,Disgust
2-98.wav,2,Disgust
2-99.wav,2,Disgust
3-1.wav,3,Fear
3-10.wav,3,Fear
3-100.wav,3,Fear
3-101.wav,3,Fear
3-102.wav,3,Fear
3-103.wav,3,Fear
3-104.wav,3,Fear
3-105.wav,3,Fear
3-106.wav,3,Fear
3-107.wav,3,Fear
3-108.wav,3,Fear
3-109.wav,3,Fear
3-11.wav,3,Fear
3-110.wav,3,Fear
3-111.wav,3,Fear
3-112.wav,3,Fear
3-113.wav,3,Fear
3-114.wav,3,Fear
3-115.wav,3,Fear
3-116.wav,3,Fear
3-117.wav,3,Fear
3-118.wav,3,Fear
3-119.wav,3,Fear
3-12.wav,3,Fear
3-120.wav,3,Fear
3-121.wav,3,Fear
3-122.wav,3,Fear
3-123.wav,3,Fear
3-124.wav,3,Fear
3-125.wav,3,Fear
3-126.wav,3,Fear
3-127.wav,3,Fear
3-128.wav,3,Fear
3-129.wav,3,Fear
3-13.wav,3,Fear
3-130.wav,3,Fear
3-131.wav,3,Fear
3-132.wav,3,Fear
3-133.wav,3,Fear
3-134.wav,3,Fear
3-135.wav,3,Fear
3-136.wav,3,Fear
3-137.wav,3,Fear
3-138.wav,3,Fear
3-139.wav,3,Fear
3-14.wav,3,Fear
3-140.wav,3,Fear
3-141.wav,3,Fear
3-142.wav,3,Fear
3-143.wav,3,Fear
3-144.wav,3,Fear
3-145.wav,3,Fear
3-146.wav,3,Fear
3-147.wav,3,Fear
3-148.wav,3,Fear
3-149.wav,3,Fear
3-15.wav,3,Fear
3-150.wav,3,Fear
3-151.wav,3,Fear
3-152.wav,3,Fear
3-153.wav,3,Fear
3-154.wav,3,Fear
3-155.wav,3,Fear
3-156.wav,3,Fear
3-157.wav,3,Fear
3-158.wav,3,Fear
3-159.wav,3,Fear
3-16.wav,3,Fear
3-160.wav,3,Fear
3-161.wav,3,Fear
3-162.wav,3,Fear
3-163.wav,3,Fear
3-164.wav,3,Fear
3-165.wav,3,Fear
3-166.wav,3,Fear
3-167.wav,3,Fear
3-168.wav,3,Fear
3-169.wav,3,Fear
3-17.wav,3,Fear
3-170.wav,3,Fear
3-171.wav,3,Fear
3-172.wav,3,Fear
3-173.wav,3,Fear
3-174.wav,3,Fear
3-175.wav,3,Fear
3-176.wav,3,Fear
3-177.wav,3,Fear
3-178.wav,3,Fear
3-179.wav,3,Fear
3-18.wav,3,Fear
3-180.wav,3,Fear
3-181.wav,3,Fear
3-182.wav,3,Fear
3-183.wav,3,Fear
3-184.wav,3,Fear
3-185.wav,3,Fear
3-186.wav,3,Fear
3-187.wav,3,Fear
3-188.wav,3,Fear
3-189.wav,3,Fear
3-19.wav,3,Fear
3-190.wav,3,Fear
3-191.wav,3,Fear
3-192.wav,3,Fear
3-193.wav,3,Fear
3-194.wav,3,Fear
3-195.wav,3,Fear
3-196.wav,3,Fear
3-197.wav,3,Fear
3-198.wav,3,Fear
3-199.wav,3,Fear
3-2.wav,3,Fear
3-20.wav,3,Fear
3-200.wav,3,Fear
3-201.wav,3,Fear
3-202.wav,3,Fear
3-203.wav,3,Fear
3-204.wav,3,Fear
3-205.wav,3,Fear
3-206.wav,3,Fear
3-207.wav,3,Fear
3-208.wav,3,Fear
3-209.wav,3,Fear
3-21.wav,3,Fear
3-210.wav,3,Fear
3-211.wav,3,Fear
3-212.wav,3,Fear
3-213.wav,3,Fear
3-214.wav,3,Fear
3-215.wav,3,Fear
3-216.wav,3,Fear
3-217.wav,3,Fear
3-218.wav,3,Fear
3-219.wav,3,Fear
3-22.wav,3,Fear
3-220.wav,3,Fear
3-221.wav,3,Fear
3-222.wav,3,Fear
3-223.wav,3,Fear
3-224.wav,3,Fear
3-225.wav,3,Fear
3-226.wav,3,Fear
3-227.wav,3,Fear
3-228.wav,3,Fear
3-229.wav,3,Fear
3-23.wav,3,Fear
3-230.wav,3,Fear
3-231.wav,3,Fear
3-232.wav,3,Fear
3-233.wav,3,Fear
3-234.wav,3,Fear
3-235.wav,3,Fear
3-236.wav,3,Fear
3-237.wav,3,Fear
3-238.wav,3,Fear
3-239.wav,3,Fear
3-24.wav,3,Fear
3-240.wav,3,Fear
3-241.wav,3,Fear
3-242.wav,3,Fear
3-243.wav,3,Fear
3-244.wav,3,Fear
3-245.wav,3,Fear
3-246.wav,3,Fear
3-247.wav,3,Fear
3-248.wav,3,Fear
3-249.wav,3,Fear
3-25.wav,3,Fear
3-250.wav,3,Fear
3-251.wav,3,Fear
3-252.wav,3,Fear
3-253.wav,3,Fear
3-254.wav,3,Fear
3-255.wav,3,Fear
3-256.wav,3,Fear
3-257.wav,3,Fear
3-258.wav,3,Fear
3-259.wav,3,Fear
3-26.wav,3,Fear
3-260.wav,3,Fear
3-261.wav,3,Fear
3-262.wav,3,Fear
3-263.wav,3,Fear
3-264.wav,3,Fear
3-265.wav,3,Fear
3-266.wav,3,Fear
3-267.wav,3,Fear
3-268.wav,3,Fear
3-269.wav,3,Fear
3-27.wav,3,Fear
3-270.wav,3,Fear
3-271.wav,3,Fear
3-272.wav,3,Fear
3-273.wav,3,Fear
3-274.wav,3,Fear
3-275.wav,3,Fear
3-276.wav,3,Fear
3-277.wav,3,Fear
3-278.wav,3,Fear
3-279.wav,3,Fear
3-28.wav,3,Fear
3-280.wav,3,Fear
3-281.wav,3,Fear
3-282.wav,3,Fear
3-283.wav,3,Fear
3-284.wav,3,Fear
3-285.wav,3,Fear
3-286.wav,3,Fear
3-287.wav,3,Fear
3-288.wav,3,Fear
3-289.wav,3,Fear
3-29.wav,3,Fear
3-290.wav,3,Fear
3-291.wav,3,Fear
3-292.wav,3,Fear
3-293.wav,3,Fear
3-294.wav,3,Fear
3-295.wav,3,Fear
3-296.wav,3,Fear
3-297.wav,3,Fear
3-298.wav,3,Fear
3-299.wav,3,Fear
3-3.wav,3,Fear
3-30.wav,3,Fear
3-300.wav,3,Fear
3-301.wav,3,Fear
3-302.wav,3,Fear
3-303.wav,3,Fear
3-304.wav,3,Fear
3-305.wav,3,Fear
3-306.wav,3,Fear
3-307.wav,3,Fear
3-308.wav,3,Fear
3-309.wav,3,Fear
3-31.wav,3,Fear
3-310.wav,3,Fear
3-311.wav,3,Fear
3-312.wav,3,Fear
3-313.wav,3,Fear
3-314.wav,3,Fear
3-315.wav,3,Fear
3-316.wav,3,Fear
3-317.wav,3,Fear
3-318.wav,3,Fear
3-319.wav,3,Fear
3-32.wav,3,Fear
3-320.wav,3,Fear
3-321.wav,3,Fear
3-322.wav,3,Fear
3-323.wav,3,Fear
3-324.wav,3,Fear
3-325.wav,3,Fear
3-326.wav,3,Fear
3-327.wav,3,Fear
3-328.wav,3,Fear
3-329.wav,3,Fear
3-33.wav,3,Fear
3-330.wav,3,Fear
3-331.wav,3,Fear
3-332.wav,3,Fear
3-333.wav,3,Fear
3-334.wav,3,Fear
3-335.wav,3,Fear
3-336.wav,3,Fear
3-337.wav,3,Fear
3-338.wav,3,Fear
3-339.wav,3,Fear
3-34.wav,3,Fear
3-340.wav,3,Fear
3-341.wav,3,Fear
3-342.wav,3,Fear
3-343.wav,3,Fear
3-344.wav,3,Fear
3-345.wav,3,Fear
3-346.wav,3,Fear
3-347.wav,3,Fear
3-348.wav,3,Fear
3-349.wav,3,Fear
3-35.wav,3,Fear
3-350.wav,3,Fear
3-351.wav,3,Fear
3-352.wav,3,Fear
3-353.wav,3,Fear
3-354.wav,3,Fear
3-355.wav,3,Fear
3-356.wav,3,Fear
3-357.wav,3,Fear
3-358.wav,3,Fear
3-359.wav,3,Fear
3-36.wav,3,Fear
3-360.wav,3,Fear
3-361.wav,3,Fear
3-362.wav,3,Fear
3-363.wav,3,Fear
3-364.wav,3,Fear
3-365.wav,3,Fear
3-366.wav,3,Fear
3-367.wav,3,Fear
3-368.wav,3,Fear
3-369.wav,3,Fear
3-37.wav,3,Fear
3-370.wav,3,Fear
3-371.wav,3,Fear
3-372.wav,3,Fear
3-373.wav,3,Fear
3-374.wav,3,Fear
3-375.wav,3,Fear
3-376.wav,3,Fear
3-377.wav,3,Fear
3-378.wav,3,Fear
3-379.wav,3,Fear
3-38.wav,3,Fear
3-380.wav,3,Fear
3-39.wav,3,Fear
3-4.wav,3,Fear
3-40.wav,3,Fear
3-41.wav,3,Fear
3-42.wav,3,Fear
3-43.wav,3,Fear
3-44.wav,3,Fear
3-45.wav,3,Fear
3-46.wav,3,Fear
3-47.wav,3,Fear
3-48.wav,3,Fear
3-49.wav,3,Fear
3-5.wav,3,Fear
3-50.wav,3,Fear
3-51.wav,3,Fear
3-52.wav,3,Fear
3-53.wav,3,Fear
3-54.wav,3,Fear
3-55.wav,3,Fear
3-56.wav,3,Fear
3-57.wav,3,Fear
3-58.wav,3,Fear
3-59.wav,3,Fear
3-6.wav,3,Fear
3-60.wav,3,Fear
3-61.wav,3,Fear
3-62.wav,3,Fear
3-63.wav,3,Fear
3-64.wav,3,Fear
3-65.wav,3,Fear
3-66.wav,3,Fear
3-67.wav,3,Fear
3-68.wav,3,Fear
3-69.wav,3,Fear
3-7.wav,3,Fear
3-70.wav,3,Fear
3-71.wav,3,Fear
3-72.wav,3,Fear
3-73.wav,3,Fear
3-74.wav,3,Fear
3-75.wav,3,Fear
3-76.wav,3,Fear
3-77.wav,3,Fear
3-78.wav,3,Fear
3-79.wav,3,Fear
3-8.wav,3,Fear
3-80.wav,3,Fear
3-81.wav,3,Fear
3-82.wav,3,Fear
3-83.wav,3,Fear
3-84.wav,3,Fear
3-85.wav,3,Fear
3-86.wav,3,Fear
3-87.wav,3,Fear
3-88.wav,3,Fear
3-89.wav,3,Fear
3-9.wav,3,Fear
3-90.wav,3,Fear
3-91.wav,3,Fear
3-92.wav,3,Fear
3-93.wav,3,Fear
3-94.wav,3,Fear
3-95.wav,3,Fear
3-96.wav,3,Fear
3-97.wav,3,Fear
3-98.wav,3,Fear
3-99.wav,3,Fear
4-1.wav,4,Happiness
4-10.wav,4,Happiness
4-100.wav,4,Happiness
4-101.wav,4,Happiness
4-102.wav,4,Happiness
4-103.wav,4,Happiness
4-104.wav,4,Happiness
4-105.wav,4,Happiness
4-106.wav,4,Happiness
4-107.wav,4,Happiness
4-108.wav,4,Happiness
4-109.wav,4,Happiness
4-11.wav,4,Happiness
4-110.wav,4,Happiness
4-111.wav,4,Happiness
4-112.wav,4,Happiness
4-113.wav,4,Happiness
4-114.wav,4,Happiness
4-115.wav,4,Happiness
4-116.wav,4,Happiness
4-117.wav,4,Happiness
4-118.wav,4,Happiness
4-119.wav,4,Happiness
4-12.wav,4,Happiness
4-120.wav,4,Happiness
4-121.wav,4,Happiness
4-122.wav,4,Happiness
4-123.wav,4,Happiness
4-124.wav,4,Happiness
4-125.wav,4,Happiness
4-126.wav,4,Happiness
4-127.wav,4,Happiness
4-128.wav,4,Happiness
4-129.wav,4,Happiness
4-13.wav,4,Happiness
4-130.wav,4,Happiness
4-131.wav,4,Happiness
4-132.wav,4,Happiness
4-133.wav,4,Happiness
4-134.wav,4,Happiness
4-135.wav,4,Happiness
4-136.wav,4,Happiness
4-137.wav,4,Happiness
4-138.wav,4,Happiness
4-139.wav,4,Happiness
4-14.wav,4,Happiness
4-140.wav,4,Happiness
4-141.wav,4,Happiness
4-142.wav,4,Happiness
4-143.wav,4,Happiness
4-144.wav,4,Happiness
4-145.wav,4,Happiness
4-146.wav,4,Happiness
4-147.wav,4,Happiness
4-148.wav,4,Happiness
4-149.wav,4,Happiness
4-15.wav,4,Happiness
4-150.wav,4,Happiness
4-151.wav,4,Happiness
4-152.wav,4,Happiness
4-153.wav,4,Happiness
4-154.wav,4,Happiness
4-155.wav,4,Happiness
4-156.wav,4,Happiness
4-157.wav,4,Happiness
4-158.wav,4,Happiness
4-159.wav,4,Happiness
4-16.wav,4,Happiness
4-160.wav,4,Happiness
4-161.wav,4,Happiness
4-162.wav,4,Happiness
4-163.wav,4,Happiness
4-164.wav,4,Happiness
4-165.wav,4,Happiness
4-166.wav,4,Happiness
4-167.wav,4,Happiness
4-168.wav,4,Happiness
4-169.wav,4,Happiness
4-17.wav,4,Happiness
4-170.wav,4,Happiness
4-171.wav,4,Happiness
4-172.wav,4,Happiness
4-173.wav,4,Happiness
4-174.wav,4,Happiness
4-175.wav,4,Happiness
4-176.wav,4,Happiness
4-177.wav,4,Happiness
4-178.wav,4,Happiness
4-179.wav,4,Happiness
4-18.wav,4,Happiness
4-180.wav,4,Happiness
4-181.wav,4,Happiness
4-182.wav,4,Happiness
4-183.wav,4,Happiness
4-184.wav,4,Happiness
4-185.wav,4,Happiness
4-186.wav,4,Happiness
4-187.wav,4,Happiness
4-188.wav,4,Happiness
4-189.wav,4,Happiness
4-19.wav,4,Happiness
4-190.wav,4,Happiness
4-191.wav,4,Happiness
4-192.wav,4,Happiness
4-193.wav,4,Happiness
4-194.wav,4,Happiness
4-195.wav,4,Happiness
4-196.wav,4,Happiness
4-197.wav,4,Happiness
4-198.wav,4,Happiness
4-199.wav,4,Happiness
4-2.wav,4,Happiness
4-20.wav,4,Happiness
4-200.wav,4,Happiness
4-201.wav,4,Happiness
4-202.wav,4,Happiness
4-203.wav,4,Happiness
4-204.wav,4,Happiness
4-205.wav,4,Happiness
4-206.wav,4,Happiness
4-207.wav,4,Happiness
4-208.wav,4,Happiness
4-209.wav,4,Happiness
4-21.wav,4,Happiness
4-210.wav,4,Happiness
4-211.wav,4,Happiness
4-212.wav,4,Happiness
4-213.wav,4,Happiness
4-214.wav,4,Happiness
4-215.wav,4,Happiness
4-216.wav,4,Happiness
4-217.wav,4,Happiness
4-218.wav,4,Happiness
4-219.wav,4,Happiness
4-22.wav,4,Happiness
4-220.wav,4,Happiness
4-221.wav,4,Happiness
4-222.wav,4,Happiness
4-223.wav,4,Happiness
4-224.wav,4,Happiness
4-225.wav,4,Happiness
4-226.wav,4,Happiness
4-227.wav,4,Happiness
4-228.wav,4,Happiness
4-229.wav,4,Happiness
4-23.wav,4,Happiness
4-230.wav,4,Happiness
4-231.wav,4,Happiness
4-232.wav,4,Happiness
4-233.wav,4,Happiness
4-234.wav,4,Happiness
4-235.wav,4,Happiness
4-236.wav,4,Happiness
4-237.wav,4,Happiness
4-238.wav,4,Happiness
4-239.wav,4,Happiness
4-24.wav,4,Happiness
4-240.wav,4,Happiness
4-241.wav,4,Happiness
4-242.wav,4,Happiness
4-243.wav,4,Happiness
4-244.wav,4,Happiness
4-245.wav,4,Happiness
4-246.wav,4,Happiness
4-247.wav,4,Happiness
4-248.wav,4,Happiness
4-249.wav,4,Happiness
4-25.wav,4,Happiness
4-250.wav,4,Happiness
4-251.wav,4,Happiness
4-252.wav,4,Happiness
4-253.wav,4,Happiness
4-254.wav,4,Happiness
4-255.wav,4,Happiness
4-256.wav,4,Happiness
4-257.wav,4,Happiness
4-258.wav,4,Happiness
4-259.wav,4,Happiness
4-26.wav,4,Happiness
4-260.wav,4,Happiness
4-261.wav,4,Happiness
4-262.wav,4,Happiness
4-263.wav,4,Happiness
4-264.wav,4,Happiness
4-265.wav,4,Happiness
4-266.wav,4,Happiness
4-267.wav,4,Happiness
4-268.wav,4,Happiness
4-269.wav,4,Happiness
4-27.wav,4,Happiness
4-270.wav,4,Happiness
4-271.wav,4,Happiness
4-272.wav,4,Happiness
4-273.wav,4,Happiness
4-274.wav,4,Happiness
4-275.wav,4,Happiness
4-276.wav,4,Happiness
4-277.wav,4,Happiness
4-278.wav,4,Happiness
4-279.wav,4,Happiness
4-28.wav,4,Happiness
4-280.wav,4,Happiness
4-281.wav,4,Happiness
4-282.wav,4,Happiness
4-283.wav,4,Happiness
4-284.wav,4,Happiness
4-285.wav,4,Happiness
4-286.wav,4,Happiness
4-287.wav,4,Happiness
4-288.wav,4,Happiness
4-289.wav,4,Happiness
4-29.wav,4,Happiness
4-290.wav,4,Happiness
4-291.wav,4,Happiness
4-292.wav,4,Happiness
4-293.wav,4,Happiness
4-294.wav,4,Happiness
4-295.wav,4,Happiness
4-296.wav,4,Happiness
4-297.wav,4,Happiness
4-298.wav,4,Happiness
4-299.wav,4,Happiness
4-3.wav,4,Happiness
4-30.wav,4,Happiness
4-300.wav,4,Happiness
4-301.wav,4,Happiness
4-302.wav,4,Happiness
4-303.wav,4,Happiness
4-304.wav,4,Happiness
4-305.wav,4,Happiness
4-306.wav,4,Happiness
4-307.wav,4,Happiness
4-308.wav,4,Happiness
4-309.wav,4,Happiness
4-31.wav,4,Happiness
4-310.wav,4,Happiness
4-311.wav,4,Happiness
4-312.wav,4,Happiness
4-313.wav,4,Happiness
4-314.wav,4,Happiness
4-315.wav,4,Happiness
4-316.wav,4,Happiness
4-317.wav,4,Happiness
4-318.wav,4,Happiness
4-319.wav,4,Happiness
4-32.wav,4,Happiness
4-320.wav,4,Happiness
4-321.wav,4,Happiness
4-322.wav,4,Happiness
4-323.wav,4,Happiness
4-324.wav,4,Happiness
4-325.wav,4,Happiness
4-326.wav,4,Happiness
4-327.wav,4,Happiness
4-328.wav,4,Happiness
4-329.wav,4,Happiness
4-33.wav,4,Happiness
4-330.wav,4,Happiness
4-331.wav,4,Happiness
4-332.wav,4,Happiness
4-333.wav,4,Happiness
4-334.wav,4,Happiness
4-335.wav,4,Happiness
4-336.wav,4,Happiness
4-337.wav,4,Happiness
4-338.wav,4,Happiness
4-339.wav,4,Happiness
4-34.wav,4,Happiness
4-340.wav,4,Happiness
4-341.wav,4,Happiness
4-342.wav,4,Happiness
4-343.wav,4,Happiness
4-344.wav,4,Happiness
4-345.wav,4,Happiness
4-346.wav,4,Happiness
4-347.wav,4,Happiness
4-348.wav,4,Happiness
4-349.wav,4,Happiness
4-35.wav,4,Happiness
4-350.wav,4,Happiness
4-351.wav,4,Happiness
4-352.wav,4,Happiness
4-353.wav,4,Happiness
4-354.wav,4,Happiness
4-355.wav,4,Happiness
4-356.wav,4,Happiness
4-357.wav,4,Happiness
4-358.wav,4,Happiness
4-359.wav,4,Happiness
4-36.wav,4,Happiness
4-360.wav,4,Happiness
4-361.wav,4,Happiness
4-362.wav,4,Happiness
4-363.wav,4,Happiness
4-364.wav,4,Happiness
4-365.wav,4,Happiness
4-366.wav,4,Happiness
4-367.wav,4,Happiness
4-368.wav,4,Happiness
4-369.wav,4,Happiness
4-37.wav,4,Happiness
4-370.wav,4,Happiness
4-371.wav,4,Happiness
4-372.wav,4,Happiness
4-373.wav,4,Happiness
4-374.wav,4,Happiness
4-375.wav,4,Happiness
4-376.wav,4,Happiness
4-377.wav,4,Happiness
4-378.wav,4,Happiness
4-379.wav,4,Happiness
4-38.wav,4,Happiness
4-380.wav,4,Happiness
4-381.wav,4,Happiness
4-382.wav,4,Happiness
4-383.wav,4,Happiness
4-39.wav,4,Happiness
4-4.wav,4,Happiness
4-40.wav,4,Happiness
4-41.wav,4,Happiness
4-42.wav,4,Happiness
4-43.wav,4,Happiness
4-44.wav,4,Happiness
4-45.wav,4,Happiness
4-46.wav,4,Happiness
4-47.wav,4,Happiness
4-48.wav,4,Happiness
4-49.wav,4,Happiness
4-5.wav,4,Happiness
4-50.wav,4,Happiness
4-51.wav,4,Happiness
4-52.wav,4,Happiness
4-53.wav,4,Happiness
4-54.wav,4,Happiness
4-55.wav,4,Happiness
4-56.wav,4,Happiness
4-57.wav,4,Happiness
4-58.wav,4,Happiness
4-59.wav,4,Happiness
4-6.wav,4,Happiness
4-60.wav,4,Happiness
4-61.wav,4,Happiness
4-62.wav,4,Happiness
4-63.wav,4,Happiness
4-64.wav,4,Happiness
4-65.wav,4,Happiness
4-66.wav,4,Happiness
4-67.wav,4,Happiness
4-68.wav,4,Happiness
4-69.wav,4,Happiness
4-7.wav,4,Happiness
4-70.wav,4,Happiness
4-71.wav,4,Happiness
4-72.wav,4,Happiness
4-73.wav,4,Happiness
4-74.wav,4,Happiness
4-75.wav,4,Happiness
4-76.wav,4,Happiness
4-77.wav,4,Happiness
4-78.wav,4,Happiness
4-79.wav,4,Happiness
4-8.wav,4,Happiness
4-80.wav,4,Happiness
4-81.wav,4,Happiness
4-82.wav,4,Happiness
4-83.wav,4,Happiness
4-84.wav,4,Happiness
4-85.wav,4,Happiness
4-86.wav,4,Happiness
4-87.wav,4,Happiness
4-88.wav,4,Happiness
4-89.wav,4,Happiness
4-9.wav,4,Happiness
4-90.wav,4,Happiness
4-91.wav,4,Happiness
4-92.wav,4,Happiness
4-93.wav,4,Happiness
4-94.wav,4,Happiness
4-95.wav,4,Happiness
4-96.wav,4,Happiness
4-97.wav,4,Happiness
4-98.wav,4,Happiness
4-99.wav,4,Happiness
5-1.wav,5,Neutral
5-10.wav,5,Neutral
5-100.wav,5,Neutral
5-101.wav,5,Neutral
5-102.wav,5,Neutral
5-103.wav,5,Neutral
5-104.wav,5,Neutral
5-105.wav,5,Neutral
5-106.wav,5,Neutral
5-107.wav,5,Neutral
5-108.wav,5,Neutral
5-109.wav,5,Neutral
5-11.wav,5,Neutral
5-110.wav,5,Neutral
5-111.wav,5,Neutral
5-112.wav,5,Neutral
5-113.wav,5,Neutral
5-114.wav,5,Neutral
5-115.wav,5,Neutral
5-116.wav,5,Neutral
5-117.wav,5,Neutral
5-118.wav,5,Neutral
5-119.wav,5,Neutral
5-12.wav,5,Neutral
5-120.wav,5,Neutral
5-121.wav,5,Neutral
5-122.wav,5,Neutral
5-123.wav,5,Neutral
5-124.wav,5,Neutral
5-125.wav,5,Neutral
5-126.wav,5,Neutral
5-127.wav,5,Neutral
5-128.wav,5,Neutral
5-129.wav,5,Neutral
5-13.wav,5,Neutral
5-130.wav,5,Neutral
5-131.wav,5,Neutral
5-132.wav,5,Neutral
5-133.wav,5,Neutral
5-134.wav,5,Neutral
5-135.wav,5,Neutral
5-136.wav,5,Neutral
5-137.wav,5,Neutral
5-138.wav,5,Neutral
5-139.wav,5,Neutral
5-14.wav,5,Neutral
5-140.wav,5,Neutral
5-141.wav,5,Neutral
5-142.wav,5,Neutral
5-143.wav,5,Neutral
5-144.wav,5,Neutral
5-145.wav,5,Neutral
5-146.wav,5,Neutral
5-147.wav,5,Neutral
5-148.wav,5,Neutral
5-149.wav,5,Neutral
5-15.wav,5,Neutral
5-150.wav,5,Neutral
5-151.wav,5,Neutral
5-152.wav,5,Neutral
5-153.wav,5,Neutral
5-154.wav,5,Neutral
5-155.wav,5,Neutral
5-156.wav,5,Neutral
5-157.wav,5,Neutral
5-158.wav,5,Neutral
5-159.wav,5,Neutral
5-16.wav,5,Neutral
5-160.wav,5,Neutral
5-161.wav,5,Neutral
5-162.wav,5,Neutral
5-163.wav,5,Neutral
5-164.wav,5,Neutral
5-165.wav,5,Neutral
5-166.wav,5,Neutral
5-167.wav,5,Neutral
5-168.wav,5,Neutral
5-169.wav,5,Neutral
5-17.wav,5,Neutral
5-170.wav,5,Neutral
5-171.wav,5,Neutral
5-172.wav,5,Neutral
5-173.wav,5,Neutral
5-174.wav,5,Neutral
5-175.wav,5,Neutral
5-176.wav,5,Neutral
5-177.wav,5,Neutral
5-178.wav,5,Neutral
5-179.wav,5,Neutral
5-18.wav,5,Neutral
5-180.wav,5,Neutral
5-181.wav,5,Neutral
5-182.wav,5,Neutral
5-183.wav,5,Neutral
5-184.wav,5,Neutral
5-185.wav,5,Neutral
5-186.wav,5,Neutral
5-187.wav,5,Neutral
5-188.wav,5,Neutral
5-189.wav,5,Neutral
5-19.wav,5,Neutral
5-190.wav,5,Neutral
5-191.wav,5,Neutral
5-192.wav,5,Neutral
5-193.wav,5,Neutral
5-194.wav,5,Neutral
5-195.wav,5,Neutral
5-196.wav,5,Neutral
5-197.wav,5,Neutral
5-198.wav,5,Neutral
5-199.wav,5,Neutral
5-2.wav,5,Neutral
5-20.wav,5,Neutral
5-200.wav,5,Neutral
5-201.wav,5,Neutral
5-202.wav,5,Neutral
5-203.wav,5,Neutral
5-204.wav,5,Neutral
5-205.wav,5,Neutral
5-206.wav,5,Neutral
5-207.wav,5,Neutral
5-208.wav,5,Neutral
5-209.wav,5,Neutral
5-21.wav,5,Neutral
5-210.wav,5,Neutral
5-211.wav,5,Neutral
5-212.wav,5,Neutral
5-213.wav,5,Neutral
5-214.wav,5,Neutral
5-215.wav,5,Neutral
5-216.wav,5,Neutral
5-217.wav,5,Neutral
5-218.wav,5,Neutral
5-219.wav,5,Neutral
5-22.wav,5,Neutral
5-220.wav,5,Neutral
5-221.wav,5,Neutral
5-222.wav,5,Neutral
5-223.wav,5,Neutral
5-224.wav,5,Neutral
5-225.wav,5,Neutral
5-226.wav,5,Neutral
5-227.wav,5,Neutral
5-228.wav,5,Neutral
5-229.wav,5,Neutral
5-23.wav,5,Neutral
5-230.wav,5,Neutral
5-231.wav,5,Neutral
5-232.wav,5,Neutral
5-233.wav,5,Neutral
5-234.wav,5,Neutral
5-235.wav,5,Neutral
5-236.wav,5,Neutral
5-237.wav,5,Neutral
5-238.wav,5,Neutral
5-239.wav,5,Neutral
5-24.wav,5,Neutral
5-240.wav,5,Neutral
5-241.wav,5,Neutral
5-242.wav,5,Neutral
5-243.wav,5,Neutral
5-244.wav,5,Neutral
5-245.wav,5,Neutral
5-246.wav,5,Neutral
5-247.wav,5,Neutral
5-248.wav,5,Neutral
5-249.wav,5,Neutral
5-25.wav,5,Neutral
5-250.wav,5,Neutral
5-251.wav,5,Neutral
5-252.wav,5,Neutral
5-253.wav,5,Neutral
5-254.wav,5,Neutral
5-255.wav,5,Neutral
5-256.wav,5,Neutral
5-257.wav,5,Neutral
5-258.wav,5,Neutral
5-259.wav,5,Neutral
5-26.wav,5,Neutral
5-260.wav,5,Neutral
5-261.wav,5,Neutral
5-262.wav,5,Neutral
5-263.wav,5,Neutral
5-264.wav,5,Neutral
5-265.wav,5,Neutral
5-266.wav,5,Neutral
5-267.wav,5,Neutral
5-268.wav,5,Neutral
5-269.wav,5,Neutral
5-27.wav,5,Neutral
5-270.wav,5,Neutral
5-271.wav,5,Neutral
5-272.wav,5,Neutral
5-273.wav,5,Neutral
5-274.wav,5,Neutral
5-275.wav,5,Neutral
5-276.wav,5,Neutral
5-277.wav,5,Neutral
5-278.wav,5,Neutral
5-279.wav,5,Neutral
5-28.wav,5,Neutral
5-280.wav,5,Neutral
5-281.wav,5,Neutral
5-282.wav,5,Neutral
5-283.wav,5,Neutral
5-284.wav,5,Neutral
5-285.wav,5,Neutral
5-286.wav,5,Neutral
5-287.wav,5,Neutral
5-288.wav,5,Neutral
5-289.wav,5,Neutral
5-29.wav,5,Neutral
5-290.wav,5,Neutral
5-291.wav,5,Neutral
5-292.wav,5,Neutral
5-293.wav,5,Neutral
5-294.wav,5,Neutral
5-295.wav,5,Neutral
5-296.wav,5,Neutral
5-297.wav,5,Neutral
5-298.wav,5,Neutral
5-299.wav,5,Neutral
5-3.wav,5,Neutral
5-30.wav,5,Neutral
5-300.wav,5,Neutral
5-301.wav,5,Neutral
5-302.wav,5,Neutral
5-303.wav,5,Neutral
5-304.wav,5,Neutral
5-305.wav,5,Neutral
5-306.wav,5,Neutral
5-307.wav,5,Neutral
5-308.wav,5,Neutral
5-309.wav,5,Neutral
5-31.wav,5,Neutral
5-310.wav,5,Neutral
5-311.wav,5,Neutral
5-312.wav,5,Neutral
5-313.wav,5,Neutral
5-314.wav,5,Neutral
5-315.wav,5,Neutral
5-316.wav,5,Neutral
5-317.wav,5,Neutral
5-318.wav,5,Neutral
5-319.wav,5,Neutral
5-32.wav,5,Neutral
5-320.wav,5,Neutral
5-321.wav,5,Neutral
5-322.wav,5,Neutral
5-323.wav,5,Neutral
5-324.wav,5,Neutral
5-325.wav,5,Neutral
5-326.wav,5,Neutral
5-327.wav,5,Neutral
5-328.wav,5,Neutral
5-329.wav,5,Neutral
5-33.wav,5,Neutral
5-330.wav,5,Neutral
5-331.wav,5,Neutral
5-332.wav,5,Neutral
5-333.wav,5,Neutral
5-334.wav,5,Neutral
5-335.wav,5,Neutral
5-336.wav,5,Neutral
5-337.wav,5,Neutral
5-338.wav,5,Neutral
5-339.wav,5,Neutral
5-34.wav,5,Neutral
5-340.wav,5,Neutral
5-341.wav,5,Neutral
5-342.wav,5,Neutral
5-343.wav,5,Neutral
5-344.wav,5,Neutral
5-35.wav,5,Neutral
5-36.wav,5,Neutral
5-37.wav,5,Neutral
5-38.wav,5,Neutral
5-39.wav,5,Neutral
5-4.wav,5,Neutral
5-40.wav,5,Neutral
5-41.wav,5,Neutral
5-42.wav,5,Neutral
5-43.wav,5,Neutral
5-44.wav,5,Neutral
5-45.wav,5,Neutral
5-46.wav,5,Neutral
5-47.wav,5,Neutral
5-48.wav,5,Neutral
5-49.wav,5,Neutral
5-5.wav,5,Neutral
5-50.wav,5,Neutral
5-51.wav,5,Neutral
5-52.wav,5,Neutral
5-53.wav,5,Neutral
5-54.wav,5,Neutral
5-55.wav,5,Neutral
5-56.wav,5,Neutral
5-57.wav,5,Neutral
5-58.wav,5,Neutral
5-59.wav,5,Neutral
5-6.wav,5,Neutral
5-60.wav,5,Neutral
5-61.wav,5,Neutral
5-62.wav,5,Neutral
5-63.wav,5,Neutral
5-64.wav,5,Neutral
5-65.wav,5,Neutral
5-66.wav,5,Neutral
5-67.wav,5,Neutral
5-68.wav,5,Neutral
5-69.wav,5,Neutral
5-7.wav,5,Neutral
5-70.wav,5,Neutral
5-71.wav,5,Neutral
5-72.wav,5,Neutral
5-73.wav,5,Neutral
5-74.wav,5,Neutral
5-75.wav,5,Neutral
5-76.wav,5,Neutral
5-77.wav,5,Neutral
5-78.wav,5,Neutral
5-79.wav,5,Neutral
5-8.wav,5,Neutral
5-80.wav,5,Neutral
5-81.wav,5,Neutral
5-82.wav,5,Neutral
5-83.wav,5,Neutral
5-84.wav,5,Neutral
5-85.wav,5,Neutral
5-86.wav,5,Neutral
5-87.wav,5,Neutral
5-88.wav,5,Neutral
5-89.wav,5,Neutral
5-9.wav,5,Neutral
5-90.wav,5,Neutral
5-91.wav,5,Neutral
5-92.wav,5,Neutral
5-93.wav,5,Neutral
5-94.wav,5,Neutral
5-95.wav,5,Neutral
5-96.wav,5,Neutral
5-97.wav,5,Neutral
5-98.wav,5,Neutral
5-99.wav,5,Neutral
6-1.wav,6,Sadness
6-10.wav,6,Sadness
6-100.wav,6,Sadness
6-101.wav,6,Sadness
6-102.wav,6,Sadness
6-103.wav,6,Sadness
6-104.wav,6,Sadness
6-105.wav,6,Sadness
6-106.wav,6,Sadness
6-107.wav,6,Sadness
6-108.wav,6,Sadness
6-109.wav,6,Sadness
6-11.wav,6,Sadness
6-110.wav,6,Sadness
6-111.wav,6,Sadness
6-112.wav,6,Sadness
6-113.wav,6,Sadness
6-114.wav,6,Sadness
6-115.wav,6,Sadness
6-116.wav,6,Sadness
6-117.wav,6,Sadness
6-118.wav,6,Sadness
6-119.wav,6,Sadness
6-12.wav,6,Sadness
6-120.wav,6,Sadness
6-121.wav,6,Sadness
6-122.wav,6,Sadness
6-123.wav,6,Sadness
6-124.wav,6,Sadness
6-125.wav,6,Sadness
6-126.wav,6,Sadness
6-127.wav,6,Sadness
6-128.wav,6,Sadness
6-129.wav,6,Sadness
6-13.wav,6,Sadness
6-130.wav,6,Sadness
6-131.wav,6,Sadness
6-132.wav,6,Sadness
6-133.wav,6,Sadness
6-134.wav,6,Sadness
6-135.wav,6,Sadness
6-136.wav,6,Sadness
6-137.wav,6,Sadness
6-138.wav,6,Sadness
6-139.wav,6,Sadness
6-14.wav,6,Sadness
6-140.wav,6,Sadness
6-141.wav,6,Sadness
6-142.wav,6,Sadness
6-143.wav,6,Sadness
6-144.wav,6,Sadness
6-145.wav,6,Sadness
6-146.wav,6,Sadness
6-147.wav,6,Sadness
6-148.wav,6,Sadness
6-149.wav,6,Sadness
6-15.wav,6,Sadness
6-150.wav,6,Sadness
6-151.wav,6,Sadness
6-152.wav,6,Sadness
6-153.wav,6,Sadness
6-154.wav,6,Sadness
6-155.wav,6,Sadness
6-156.wav,6,Sadness
6-157.wav,6,Sadness
6-158.wav,6,Sadness
6-159.wav,6,Sadness
6-16.wav,6,Sadness
6-160.wav,6,Sadness
6-161.wav,6,Sadness
6-162.wav,6,Sadness
6-163.wav,6,Sadness
6-164.wav,6,Sadness
6-165.wav,6,Sadness
6-166.wav,6,Sadness
6-167.wav,6,Sadness
6-168.wav,6,Sadness
6-169.wav,6,Sadness
6-17.wav,6,Sadness
6-170.wav,6,Sadness
6-171.wav,6,Sadness
6-172.wav,6,Sadness
6-173.wav,6,Sadness
6-174.wav,6,Sadness
6-175.wav,6,Sadness
6-176.wav,6,Sadness
6-177.wav,6,Sadness
6-178.wav,6,Sadness
6-179.wav,6,Sadness
6-18.wav,6,Sadness
6-180.wav,6,Sadness
6-181.wav,6,Sadness
6-182.wav,6,Sadness
6-183.wav,6,Sadness
6-184.wav,6,Sadness
6-185.wav,6,Sadness
6-186.wav,6,Sadness
6-187.wav,6,Sadness
6-188.wav,6,Sadness
6-189.wav,6,Sadness
6-19.wav,6,Sadness
6-190.wav,6,Sadness
6-191.wav,6,Sadness
6-192.wav,6,Sadness
6-193.wav,6,Sadness
6-194.wav,6,Sadness
6-195.wav,6,Sadness
6-196.wav,6,Sadness
6-197.wav,6,Sadness
6-198.wav,6,Sadness
6-199.wav,6,Sadness
6-2.wav,6,Sadness
6-20.wav,6,Sadness
6-200.wav,6,Sadness
6-201.wav,6,Sadness
6-202.wav,6,Sadness
6-203.wav,6,Sadness
6-204.wav,6,Sadness
6-205.wav,6,Sadness
6-206.wav,6,Sadness
6-207.wav,6,Sadness
6-208.wav,6,Sadness
6-209.wav,6,Sadness
6-21.wav,6,Sadness
6-210.wav,6,Sadness
6-211.wav,6,Sadness
6-212.wav,6,Sadness
6-213.wav,6,Sadness
6-214.wav,6,Sadness
6-215.wav,6,Sadness
6-216.wav,6,Sadness
6-217.wav,6,Sadness
6-218.wav,6,Sadness
6-219.wav,6,Sadness
6-22.wav,6,Sadness
6-220.wav,6,Sadness
6-221.wav,6,Sadness
6-222.wav,6,Sadness
6-223.wav,6,Sadness
6-224.wav,6,Sadness
6-225.wav,6,Sadness
6-226.wav,6,Sadness
6-227.wav,6,Sadness
6-228.wav,6,Sadness
6-229.wav,6,Sadness
6-23.wav,6,Sadness
6-230.wav,6,Sadness
6-231.wav,6,Sadness
6-232.wav,6,Sadness
6-233.wav,6,Sadness
6-234.wav,6,Sadness
6-235.wav,6,Sadness
6-236.wav,6,Sadness
6-237.wav,6,Sadness
6-238.wav,6,Sadness
6-239.wav,6,Sadness
6-24.wav,6,Sadness
6-240.wav,6,Sadness
6-241.wav,6,Sadness
6-242.wav,6,Sadness
6-243.wav,6,Sadness
6-244.wav,6,Sadness
6-245.wav,6,Sadness
6-246.wav,6,Sadness
6-247.wav,6,Sadness
6-248.wav,6,Sadness
6-249.wav,6,Sadness
6-25.wav,6,Sadness
6-250.wav,6,Sadness
6-251.wav,6,Sadness
6-252.wav,6,Sadness
6-253.wav,6,Sadness
6-254.wav,6,Sadness
6-255.wav,6,Sadness
6-256.wav,6,Sadness
6-257.wav,6,Sadness
6-258.wav,6,Sadness
6-259.wav,6,Sadness
6-26.wav,6,Sadness
6-260.wav,6,Sadness
6-261.wav,6,Sadness
6-262.wav,6,Sadness
6-263.wav,6,Sadness
6-264.wav,6,Sadness
6-265.wav,6,Sadness
6-266.wav,6,Sadness
6-267.wav,6,Sadness
6-268.wav,6,Sadness
6-269.wav,6,Sadness
6-27.wav,6,Sadness
6-270.wav,6,Sadness
6-271.wav,6,Sadness
6-272.wav,6,Sadness
6-273.wav,6,Sadness
6-274.wav,6,Sadness
6-275.wav,6,Sadness
6-276.wav,6,Sadness
6-277.wav,6,Sadness
6-278.wav,6,Sadness
6-279.wav,6,Sadness
6-28.wav,6,Sadness
6-280.wav,6,Sadness
6-281.wav,6,Sadness
6-282.wav,6,Sadness
6-283.wav,6,Sadness
6-284.wav,6,Sadness
6-285.wav,6,Sadness
6-286.wav,6,Sadness
6-287.wav,6,Sadness
6-288.wav,6,Sadness
6-289.wav,6,Sadness
6-29.wav,6,Sadness
6-290.wav,6,Sadness
6-291.wav,6,Sadness
6-292.wav,6,Sadness
6-293.wav,6,Sadness
6-294.wav,6,Sadness
6-295.wav,6,Sadness
6-296.wav,6,Sadness
6-297.wav,6,Sadness
6-298.wav,6,Sadness
6-299.wav,6,Sadness
6-3.wav,6,Sadness
6-30.wav,6,Sadness
6-300.wav,6,Sadness
6-301.wav,6,Sadness
6-302.wav,6,Sadness
6-303.wav,6,Sadness
6-304.wav,6,Sadness
6-305.wav,6,Sadness
6-306.wav,6,Sadness
6-307.wav,6,Sadness
6-308.wav,6,Sadness
6-309.wav,6,Sadness
6-31.wav,6,Sadness
6-310.wav,6,Sadness
6-311.wav,6,Sadness
6-312.wav,6,Sadness
6-313.wav,6,Sadness
6-314.wav,6,Sadness
6-315.wav,6,Sadness
6-316.wav,6,Sadness
6-317.wav,6,Sadness
6-318.wav,6,Sadness
6-319.wav,6,Sadness
6-32.wav,6,Sadness
6-320.wav,6,Sadness
6-321.wav,6,Sadness
6-322.wav,6,Sadness
6-323.wav,6,Sadness
6-324.wav,6,Sadness
6-325.wav,6,Sadness
6-326.wav,6,Sadness
6-327.wav,6,Sadness
6-328.wav,6,Sadness
6-329.wav,6,Sadness
6-33.wav,6,Sadness
6-330.wav,6,Sadness
6-331.wav,6,Sadness
6-332.wav,6,Sadness
6-333.wav,6,Sadness
6-334.wav,6,Sadness
6-335.wav,6,Sadness
6-336.wav,6,Sadness
6-337.wav,6,Sadness
6-338.wav,6,Sadness
6-339.wav,6,Sadness
6-34.wav,6,Sadness
6-340.wav,6,Sadness
6-341.wav,6,Sadness
6-342.wav,6,Sadness
6-343.wav,6,Sadness
6-344.wav,6,Sadness
6-345.wav,6,Sadness
6-346.wav,6,Sadness
6-347.wav,6,Sadness
6-348.wav,6,Sadness
6-349.wav,6,Sadness
6-35.wav,6,Sadness
6-350.wav,6,Sadness
6-351.wav,6,Sadness
6-352.wav,6,Sadness
6-353.wav,6,Sadness
6-354.wav,6,Sadness
6-355.wav,6,Sadness
6-356.wav,6,Sadness
6-357.wav,6,Sadness
6-358.wav,6,Sadness
6-359.wav,6,Sadness
6-36.wav,6,Sadness
6-360.wav,6,Sadness
6-361.wav,6,Sadness
6-362.wav,6,Sadness
6-363.wav,6,Sadness
6-364.wav,6,Sadness
6-365.wav,6,Sadness
6-366.wav,6,Sadness
6-367.wav,6,Sadness
6-368.wav,6,Sadness
6-369.wav,6,Sadness
6-37.wav,6,Sadness
6-370.wav,6,Sadness
6-371.wav,6,Sadness
6-38.wav,6,Sadness
6-39.wav,6,Sadness
6-4.wav,6,Sadness
6-40.wav,6,Sadness
6-41.wav,6,Sadness
6-42.wav,6,Sadness
6-43.wav,6,Sadness
6-44.wav,6,Sadness
6-45.wav,6,Sadness
6-46.wav,6,Sadness
6-47.wav,6,Sadness
6-48.wav,6,Sadness
6-49.wav,6,Sadness
6-5.wav,6,Sadness
6-50.wav,6,Sadness
6-51.wav,6,Sadness
6-52.wav,6,Sadness
6-53.wav,6,Sadness
6-54.wav,6,Sadness
6-55.wav,6,Sadness
6-56.wav,6,Sadness
6-57.wav,6,Sadness
6-58.wav,6,Sadness
6-59.wav,6,Sadness
6-6.wav,6,Sadness
6-60.wav,6,Sadness
6-61.wav,6,Sadness
6-62.wav,6,Sadness
6-63.wav,6,Sadness
6-64.wav,6,Sadness
6-65.wav,6,Sadness
6-66.wav,6,Sadness
6-67.wav,6,Sadness
6-68.wav,6,Sadness
6-69.wav,6,Sadness
6-7.wav,6,Sadness
6-70.wav,6,Sadness
6-71.wav,6,Sadness
6-72.wav,6,Sadness
6-73.wav,6,Sadness
6-74.wav,6,Sadness
6-75.wav,6,Sadness
6-76.wav,6,Sadness
6-77.wav,6,Sadness
6-78.wav,6,Sadness
6-79.wav,6,Sadness
6-8.wav,6,Sadness
6-80.wav,6,Sadness
6-81.wav,6,Sadness
6-82.wav,6,Sadness
6-83.wav,6,Sadness
6-84.wav,6,Sadness
6-85.wav,6,Sadness
6-86.wav,6,Sadness
6-87.wav,6,Sadness
6-88.wav,6,Sadness
6-89.wav,6,Sadness
6-9.wav,6,Sadness
6-90.wav,6,Sadness
6-91.wav,6,Sadness
6-92.wav,6,Sadness
6-93.wav,6,Sadness
6-94.wav,6,Sadness
6-95.wav,6,Sadness
6-96.wav,6,Sadness
6-97.wav,6,Sadness
6-98.wav,6,Sadness
6-99.wav,6,Sadness
